cc_inicio,3,José Mejia,Pago de los Gases,40.00,180000000.00,57.63689884547749,3-10-2021,8:17:54,Pagos Pendientes,cc_fin
cl_list_inicio,6,1,sra. cristian,9.600313479623825,cl_inicio,4400000.00,4.7727272727272725,21000000,3-10-2021,8:21:2,,cl_fin,cl_inicio,4350000.00,4.827586206896552,21000000,3-10-2021,8:38:51,,cl_fin,cl_list_fin,cl_list_inicio,6,0,sra. coro hija,10.24390243902439,cl_inicio,4100000.00,10.24390243902439,42000000,3-10-2021,8:36:47,,cl_fin,cl_list_fin,cl_list_inicio,6,1,wendy coquito,12,cl_inicio,4100000.00,10,41000000,3-10-2021,8:34:22,,cl_fin,cl_inicio,5.00,2,10,4-10-2021,12:2:37,,cl_fin,cl_list_fin,cl_list_inicio,6,0,carro verde,11.951219512195122,cl_inicio,4100000.00,11.951219512195122,49000000,3-10-2021,8:33:51,,cl_fin,cl_list_fin,cl_list_inicio,6,0,sra. alicia,3.902439024390244,cl_inicio,4100000.00,3.902439024390244,16000000,3-10-2021,8:31:51,,cl_fin,cl_list_fin,cl_list_inicio,6,0,nina,9.939024390243903,cl_inicio,4100000.00,9.939024390243903,40750000,3-10-2021,8:41:32,,cl_fin,cl_list_fin
,SHA-256,4583534b8759c13ee3ab1783a11016c93ed5e21783166b7f86d5b6a93dc8a6f1